Name,downloads
rp_downtown_v4_exl," 45,363"
rp_evocity_v2d," 23,793"
big maps scary pack v1.2.zip," 20,374"
Gm_Modern_House," 19,721"
GM_Ragdoll_Slaughter_4," 18,099"
HorrorHospital_V1," 18,005"
McDonalds," 15,062"
ttt_rooftops_a2," 13,043"
RP_SkyHigh," 11,781"
ZS_YouAreAVirusInsideJoe_4," 11,200"
rp_mountainvillage," 11,177"
(Scary) Death of the Dream," 10,558"
DE_School," 10,502"
Suburb House," 9,453"
Shadows Chapter 1," 9,012"
ttt_forest_final," 8,911"
CS_Meridian," 8,848"
deathrun_maps.zip," 8,364"
de_forest.zip," 8,353"
Shadows Chapter 2," 6,825"
GM_Excess_Construct," 6,462"
Rp.Nightmare house," 5,899"
CS_Office Battle," 5,760"
RP_Downtown_v5," 5,630"
gm_modern_house_a," 5,550"
Paranoia," 5,541"
Deathrun Map Pack," 5,322"
GM_Reaction," 5,234"
TTT_Giant_Daycare_V2," 5,228"
rp_oviscity_gmc4.zip," 5,228"
DM_Bridge," 5,043"
ttt_subway_b4.zip," 4,537"
68 Zombie Survival Maps," 4,498"
gm_worldwide," 4,368"
RP_Bangclaw (updated)," 4,314"
Gm_Bigmaze," 4,052"
HALO MAPS.zip," 4,004"
gm_poltergeist (Horror)," 3,848"
gm_mc_hillside.zip," 3,606"
RP_EvoCity_v2d_fix," 3,578"
zs_Swimming_Pool_v2," 3,277"
ttt_plaza_b6," 3,226"
ZombieSurvival_Invasion_v2x," 3,151"
ttt_rooftops_a2_f1," 3,151"
ctf_Outset Island (TF2)," 3,112"
de_mw2_terminal_v1," 3,110"
gm_parasite," 3,102"
RP_CosmosCity_v1B," 3,043"
css map content pack," 2,976"
GM_BlackMesa_Sigma," 2,965"
ttt_minecraft_b3.zip," 2,954"
deathrun_marioworld_final," 2,936"
huge_city_map_pack.zip," 2,911"
Mario_Kart_V2," 2,873"
RP_Richland," 2,868"
Nuclear Dawn - Tokyo Metro," 2,820"
Halo 2 Weapons + Map Pack," 2,758"
Insomnia," 2,656"
City 8 - District 9," 2,646"
Office-Unlimited," 2,613"
RP_Downtown_Night_V2," 2,560"
rp_downtown_winter_v2," 2,497"
Halo 2 Map Pack," 2,398"
RP_NewYorkcity," 2,338"
RP_Bangclaw VMF," 2,326"
gm_carconstruct_b1-8.zip," 2,314"
gm_castlesiege_v2," 2,225"
rp_lakeland.zip," 2,209"
gm_construct and gm_flatgrass," 2,188"
gm_minecraft," 2,151"
gm_excess_island.zip," 2,135"
gm_race.zip," 2,063"
Rp_Townsend_V1p.zip," 2,022"
Ultimate portal patch," 2,001"
SlB_SnowSled_v3," 1,985"
de_Sonic The Hedgehog," 1,952"
gm_atomic.zip," 1,939"
Suburb House," 1,920"
HogwartsDayAndNight.zip," 1,910"
rp_downtown_v3.zip," 1,910"
RP_BigCity_Life.zip," 1,888"
phys_temple.zip," 1,876"
gm_mountain_defense," 1,833"
gm_outland_bridge_v2," 1,827"
gm_tornado_city.zip," 1,810"
gm_mobenix_v3 out of Date.zip," 1,783"
The Office," 1,759"
gm_ModernHaus," 1,722"
ZS_Stormier_v1," 1,701"
GM_Apehouse Winter (OUTDATED)," 1,699"
Gm Middle of Nowhere (Day)," 1,693"
Paralysis State," 1,682"
GM_Infinigrass," 1,663"
City 8 Canals," 1,633"
ttt_ski_resort_a1," 1,616"
Mystery Horror |Finished|," 1,587"
de_boskoop.zip," 1,567"
ttt_Starfish_Island_V1_2," 1,562"
zs_abstraction," 1,553"
rp_mountainvillage_night," 1,530"
rp_uptown_v1," 1,472"
Horror_2," 1,459"
gm_ragdoll_slaughter_v3_icon," 1,458"
nox2d_smw_yoshishouse_v3.zip," 1,452"
Huge Nazi Reichstag map!," 1,446"
RP_ForestVillage + Night," 1,419"
GM_Flatgrass_Pit," 1,414"
Phys_Titanic_V3.zip," 1,394"
rp_c18_v1," 1,392"
ZM_BlueVelvet_RC1," 1,379"
gm_realplane_v1.zip," 1,371"
TownOfTheDead.zip," 1,331"
ttt_intergalactic.zip," 1,325"
gm_mainland," 1,306"
Mission - Kill Breen - Fixed," 1,298"
Gmod 13 (Beta) Maps," 1,283"
GM_FlatBuild_PB," 1,283"
rp_necro_forest_a1," 1,282"
Horror_2," 1,271"
Gm_Beach_House," 1,197"
Rp_Sunvale," 1,194"
rp_destruction_v2," 1,180"
Sanctum.zip," 1,177"
gm_startrekTOS_v6.zip," 1,164"
Starfish Island (FULL)," 1,161"
GM_Valley," 1,160"
Fixed Icons for Old Maps," 1,159"
PHYS_NewCliffHouse," 1,144"
Gm_Safety_Bunker_V2.zip," 1,142"
Tower Of Terror," 1,135"
GM_Sunnyisles," 1,103"
gm_ragdoll_slaughter_v2.zip," 1,074"
gm Ski jumping," 1,055"
GM_NuclearWinter3," 1,041"
Zombie Survival -Zwonder 2 V.2, 971
GM_Scream, 952
GM_Supersizeroom_V2, 950
gm_DeltaSands.zip, 916
RP_Destruction_v3, 909
Useable Combine Gun Prefab, 899
RP_EvoCity_v1p, 887
rp_city8_2.zip, 882
gm_iraq_desert_b1, 882
GM_XHS_Revolution, 879
DM_Narnia_LWW_Winter_Storm_V1, 872
Rp_Townsend_V1.5, 865
Zombiesurvival_invasion_v1x.zi, 840
gm_carconstruct_b1-6, 837
GM_GeekRoom_V2, 836
gm_mc_flatgrass, 833
